{
  "signedContributors": [
    {
      "name": "w-okada",
      "id": 48346627,
      "comment_id": 1667673774,
      "created_at": "2023-08-07T11:21:42Z",
      "repoId": 527419347,
      "pullRequestNo": 661
    },
    {
      "name": "w-okada",
      "id": 48346627,
      "comment_id": 1667674735,
      "created_at": "2023-08-07T11:22:28Z",
      "repoId": 527419347,
      "pullRequestNo": 661
    },
    {
      "name": "Eidenz",
      "id": 27901016,
      "comment_id": 1671008046,
      "created_at": "2023-08-09T09:45:22Z",
      "repoId": 527419347,
      "pullRequestNo": 674
    },
    {
      "name": "Rafacasari",
      "id": 32463720,
      "comment_id": 1673062866,
      "created_at": "2023-08-10T11:43:18Z",
      "repoId": 527419347,
      "pullRequestNo": 683
    },
    {
      "name": "InsanEagle",
      "id": 67074517,
      "comment_id": 1716001761,
      "created_at": "2023-09-12T15:58:11Z",
      "repoId": 527419347,
      "pullRequestNo": 832
    },
    {
      "name": "jonluca",
      "id": 13029040,
      "comment_id": 1720154884,
      "created_at": "2023-09-14T21:08:39Z",
      "repoId": 527419347,
      "pullRequestNo": 847
    },
    {
      "name": "aeongdesu",
      "id": 50764666,
      "comment_id": 1722217182,
      "created_at": "2023-09-16T12:12:57Z",
      "repoId": 527419347,
      "pullRequestNo": 856
    },
    {
      "name": "hinabl",
      "id": 79749008,
      "comment_id": 1735905867,
      "created_at": "2023-09-26T16:38:25Z",
      "repoId": 527419347,
      "pullRequestNo": 892
    },
    {
      "name": "qlife1146",
      "id": 32091837,
      "comment_id": 1789932002,
      "created_at": "2023-11-02T01:45:54Z",
      "repoId": 527419347,
      "pullRequestNo": 976
    },
    {
      "name": "tg-develop",
      "id": 59343164,
      "comment_id": 1817474974,
      "created_at": "2023-11-18T10:51:05Z",
      "repoId": 527419347,
      "pullRequestNo": 1006
    },
    {
      "name": "shdancer",
      "id": 62684554,
      "comment_id": 1825247691,
      "created_at": "2023-11-24T07:25:45Z",
      "repoId": 527419347,
      "pullRequestNo": 1017
    },
    {
      "name": "Poleyn",
      "id": 77776703,
      "comment_id": 1873414904,
      "created_at": "2024-01-01T17:41:58Z",
      "repoId": 527419347,
      "pullRequestNo": 1057
    },
    {
      "name": "sonphantrung",
      "id": 94152483,
      "comment_id": 1876688569,
      "created_at": "2024-01-04T08:20:38Z",
      "repoId": 527419347,
      "pullRequestNo": 1063
    },
    {
      "name": "icecoins",
      "id": 92659856,
      "comment_id": 1887227712,
      "created_at": "2024-01-11T14:04:56Z",
      "repoId": 527419347,
      "pullRequestNo": 1077
    }
  ]
}