{
    "type": "demo",
    "id": "RVC",
    "front": {
        "modelSlotControl": [
            {
                "name": "headerArea",
                "options": {
                    "mainTitle": "Realtime Voice Changer Client",
                    "subTitle": "for RVC"
                }
            },
            {
                "name": "modelSlotArea",
                "options": {}
            },
            {
                "name": "characterArea",
                "options": {}
            },
            {
                "name": "configArea",
                "options": {
                    "detectors": ["dio", "harvest", "crepe"],
                    "inputChunkNums": [8, 16, 24, 32, 40, 48, 64, 80, 96, 112, 128, 192, 256, 320, 384, 448, 512, 576, 640, 704, 768, 832, 896, 960, 1024, 2048]
                }
            }
        ]
    }
}
